"id","shop_location","shop_name","lon","lat","bits_qty","bobs_bqty","widgets_qty","bits_revenue","bobs_revenue","widgets_revenue","total_revenue","total_sales"
1,"Mlolongo","MG 4 phase 3 dreamland",36.951,-1.39264,6738,3256,2578,673800,488400,773400,1935600,12572
2,"Umoja 2 and 3","Green Grocer Shop",36.901442,-1.282295,6369,3679,750,636900,551850,225000,1413750,10798
3,"Shauri Moyo","RAMANI SHOP 7068",36.849308,-1.296621,7681,2052,7361,768100,307800,2208300,3284200,17094
4,"Buruburu","DAUDI'S ENTERPRISES",36.875517,-1.276471,4473,2961,3466,447300,444150,1039800,1931250,10900
5,"Kangemi","Seraben supermarket-EA",36.748763,-1.266479,2629,9458,7218,262900,1418700,2165400,3847000,19305
6,"Kayole","Eagle Services",36.912029,-1.276038,9706,3896,3865,970600,584400,1159500,2714500,17467
7,"Pipeline","Lucyron Mini Mart",36.889934,-1.315296,8996,9859,406,899600,1478850,121800,2500250,19261
8,"Kahawa West","Premier Mart",36.904865,-1.18208,8139,3562,8053,813900,534300,2415900,3764100,19754
9,"Githurai 44","Danhu Enterprices",36.900807,-1.200401,4819,4784,7039,481900,717600,2111700,3311200,16642
10,"Kahawa","Jacaranda supermarket",36.895555,-1.189018,265,8575,8597,26500,1286250,2579100,3891850,17437
11,"Thika","Chap Chap Mini Mart",37.06787,-1.03815,1467,271,5636,146700,40650,1690800,1878150,7374
12,"Mukuru kwa Njenga","Muhindi Mweusi Supermarket-Mukuru kwa Njenga",36.887765,-1.319547,9852,227,7277,985200,34050,2183100,3202350,17356
13,"Thika","Summer Poshomill",37.103723,-1.054361,8767,3410,6793,876700,511500,2037900,3426100,18970
14,"Lucky Summer","Nirova Investments",36.903541,-1.237947,6592,4682,6648,659200,702300,1994400,3355900,17922
15,"Kariobangi South","Phoenix Entertainment",36.884892,-1.270499,4279,6921,2798,427900,1038150,839400,2305450,13998
16,"Githurai 45","Unique JB Shop",36.915989,-1.20672,8692,4078,5057,869200,611700,1517100,2998000,17827
17,"Waithaka","Joskam",36.719967,-1.281038,955,4534,1894,95500,680100,568200,1343800,7383
18,"Kayole","Step one shop",36.912136,-1.286572,2494,3108,5028,249400,466200,1508400,2224000,10630
19,"Githurai 45","Bidii Enterprises",36.93822,-1.21397,5821,499,5173,582100,74850,1551900,2208850,11493
20,"Lucky Summer","Neema cereals B. Dogo",36.8834,-1.24,1711,8055,5185,171100,1208250,1555500,2934850,14951
21,"Mwiki","Nyambo Dairy Mwiki",36.929465,-1.238338,5543,9060,2508,554300,1359000,752400,2665700,17111
22,"Dandora Phase 2","Wachege Shop",36.896489,-1.254767,6238,331,416,623800,49650,124800,798250,6985
23,"Mwiki","Raha General Shop",36.925549,-1.229502,1489,2763,9899,148900,414450,2969700,3533050,14151
24,"Maringo","DREAM PUB BUTCHERY",36.8548,-1.2944,6720,6676,7440,672000,1001400,2232000,3905400,20836
25,"Kayole","Palace food merchants",36.916907,-1.271715,137,8721,6095,13700,1308150,1828500,3150350,14953
26,"Kayole","Muhindi Mweusi Supermarket (Kayole)",36.914878,-1.281217,9351,7525,6288,935100,1128750,1886400,3950250,23164
27,"Mowlem-Dandora","Miwa tatu merchants",36.902138,-1.265242,2953,8990,2221,295300,1348500,666300,2310100,14164
28,"Huruma","REE SCENTS BEAUTY SHOP",36.869037,-1.259632,9543,4109,933,954300,616350,279900,1850550,14585
29,"Kitengela","Ngwata Shop",36.957298,-1.471206,7145,3016,343,714500,452400,102900,1269800,10504
30,"Ndumbuini","Mama brian salon",36.722968,-1.255564,7984,3285,9722,798400,492750,2916600,4207750,20991
31,"Mlolongo","MG SHOP 5 MG ELECTRONICS & GAS",36.948353,-1.389159,2563,3996,9065,256300,599400,2719500,3575200,15624
32,"Ruai","Mashtech gas department",36.996761,-1.271607,9264,5896,4547,926400,884400,1364100,3174900,19707
33,"Mathare slum","Baba Jack",36.86033,-1.261237,7251,5101,3631,725100,765150,1089300,2579550,15983
34,"Mwiki","Pasals boutique",36.930245,-1.237488,4852,7369,5099,485200,1105350,1529700,3120250,17320
35,"Mathare North","Digital Wave Solutions",36.867535,-1.252948,5447,5904,144,544700,885600,43200,1473500,11495
36,"Ruiru","Ebenezer shop (Ruiru Kihunguro)",36.961689,-1.159814,3573,9693,7896,357300,1453950,2368800,4180050,21162
37,"Syokimau","Mambo Jambo (Syokimau)",36.941266,-1.367928,3086,2018,3219,308600,302700,965700,1577000,8323
38,"Kariobangi South","Chetu Chema Enterprise",36.884485,-1.266378,748,5140,7858,74800,771000,2357400,3203200,13746
39,"Kangemi","Express Supermarket (Waruku)",36.75418,-1.26853,5785,5723,2039,578500,858450,611700,2048650,13547
40,"Umoja Innercore and 1","Mambi Glassmart`",36.886585,-1.280421,7731,2899,6419,773100,434850,1925700,3133650,17049
41,"Ruai","Reliance energy mutalia",37.1121,-1.2739,5996,8065,6895,599600,1209750,2068500,3877850,20956
42,"Umoja Innercore and 1","Igwe enterprise Umoja",36.882978,-1.280071,5015,6675,2617,501500,1001250,785100,2287850,14307
43,"Mwiki","Down Town Shop",36.918968,-1.233626,2751,2215,7915,275100,332250,2374500,2981850,12881
44,"Umoja 2 and 3","One Stop General Shop (Umoja 2 and 3)",36.896536,-1.267108,4026,8158,8514,402600,1223700,2554200,4180500,20698
45,"Uthiru","Elex services shop",36.710997,-1.258915,4038,4147,3138,403800,622050,941400,1967250,11323
46,"Kaloleni","SESSIA CEREALS SHOP",36.870171,-1.294508,2262,4065,265,226200,609750,79500,915450,6592
47,"Kawangware","Diznay stores kawangware",36.750438,-1.28859,1301,9129,286,130100,1369350,85800,1585250,10716
48,"Mwiki","Japata kerosene pump",36.933862,-1.233483,1278,3639,443,127800,545850,132900,806550,5360
49,"Umoja 2 and 3","Danisora Investment Ltd (Umoja 2 and 3)",36.899265,-1.285142,5579,4559,6769,557900,683850,2030700,3272450,16907
50,"Athi River","Bliss Uniform Centre (Athi River)",36.9741,-1.45724,2754,5753,9367,275400,862950,2810100,3948450,17874
51,"Kayole","Sauti (A) Shop",36.919334,-1.268229,5647,4500,9777,564700,675000,2933100,4172800,19924
52,"Ngummo","Lucky Prince",36.799686,-1.311282,6966,4,7516,696600,600,2254800,2952000,14486
53,"Umoja 2 and 3","Super bargain shop Umoja",36.893576,-1.276069,6088,3070,1153,608800,460500,345900,1415200,10311
54,"Ruai","Jerry cereals shop",36.98864,-1.298765,1769,8597,322,176900,1289550,96600,1563050,10688
55,"Mlolongo","Hesbonellar shop 2",36.943483,-1.390425,2490,2282,9829,249000,342300,2948700,3540000,14601
56,"Ngong","Jetmark Traders embulbul",36.67436,-1.333753,8388,4199,8382,838800,629850,2514600,3983250,20969
57,"Dandora Phase 4 & 5","Mandelas Price",36.905031,-1.242604,865,2418,4848,86500,362700,1454400,1903600,8131
58,"Syokimau","Fm Technical shop",36.946378,-1.364303,5020,8407,4722,502000,1261050,1416600,3179650,18149
59,"Dandora Phase 3","Kairu's Shopping Complex",36.904,-1.2503,6946,9096,2368,694600,1364400,710400,2769400,18410
60,"Rongai","Church of the Nazarene Kware",36.748792,-1.391728,9345,4032,2608,934500,604800,782400,2321700,15985
61,"Mwiki","Special Gas",36.919849,-1.231961,5494,1859,8219,549400,278850,2465700,3293950,15572
62,"Thika","TODAY MINI SHOP",37.09698,-1.07252,8127,8890,6676,812700,1333500,2002800,4149000,23693
63,"Kayole","CHRIS MALI MALI SHOP",36.91257,-1.285587,2685,6083,7083,268500,912450,2124900,3305850,15851
64,"Kasarani","By Grace General Shop - Kasarani",36.898699,-1.218336,9454,4657,9507,945400,698550,2852100,4496050,23618
65,"Mlolongo","KIKA INVESTMENT",36.94369,-1.386883,2384,3638,8448,238400,545700,2534400,3318500,14470
66,"Githurai 45","Perfect gas suppliers",36.916722,-1.20781,8558,5114,2493,855800,767100,747900,2370800,16165
67,"Kibera","Uchumi Ndogo Shop",36.793135,-1.31547,2772,6689,8215,277200,1003350,2464500,3745050,17676
68,"Umoja 2 and 3","Kingsmatt Milk ATM-EA",36.89822,-1.27905,9578,2424,3740,957800,363600,1122000,2443400,15742
69,"Kayole","By Grace Derek shop",36.92386,-1.264017,5180,7514,4847,518000,1127100,1454100,3099200,17541
70,"Mathare North","Slopes General Hardware",36.871475,-1.248993,1122,8032,3514,112200,1204800,1054200,2371200,12668
71,"Kahawa West","Dan Rose KM",36.929438,-1.173808,9022,2692,7993,902200,403800,2397900,3703900,19707
72,"Obama","Genesis Enterprises",36.92449,-1.25633,7052,7467,1424,705200,1120050,427200,2252450,15943
73,"Thika","DELIGHT BEAUTY SHOP",37.11212,-1.05677,9783,8585,7742,978300,1287750,2322600,4588650,26110
74,"Umoja 2 and 3","Apple Gas Point",36.895805,-1.262469,2075,7005,4042,207500,1050750,1212600,2470850,13122
75,"Kitengela","Ben Ben boutique",36.954459,-1.481914,2488,1436,5147,248800,215400,1544100,2008300,9071
76,"Ruaka/Denderu","Titans Complex",36.78516,-1.20707,648,1217,1014,64800,182550,304200,551550,2879
77,"Embakasi (Fedha, Nyayo,Tasia)","Mama Favour shop",36.902982,-1.304446,4041,837,2458,404100,125550,737400,1267050,7336
78,"Athi River","Menengai Stores",36.97421,-1.457337,3666,9667,9108,366600,1450050,2732400,4549050,22441
79,"Mowlem-Dandora","Russian enterprises",36.909583,-1.25837,933,5313,5932,93300,796950,1779600,2669850,12178
80,"Zimmerman","Pegjam Enterprise",36.895159,-1.21041,8641,6921,6766,864100,1038150,2029800,3932050,22328
81,"Mathare North","Gatitu general",36.867776,-1.255071,3143,8188,3008,314300,1228200,902400,2444900,14339
82,"Juja","Favoured mini mart ( k road)",37.003833,-1.121352,6144,8484,3074,614400,1272600,922200,2809200,17702
83,"Kaloleni","NYANGE STORES",36.860476,-1.298502,891,8426,5138,89100,1263900,1541400,2894400,14455
84,"Thika","Hope Mini Market",37.055877,-1.067204,7570,8623,4295,757000,1293450,1288500,3338950,20488
85,"Kibera","S.M GENERAL SHOP",36.792379,-1.312069,2297,9072,1449,229700,1360800,434700,2025200,12818
86,"Huruma","Amazing Grace Kerosene Pump",36.877813,-1.258908,3872,3102,6474,387200,465300,1942200,2794700,13448
87,"Dandora Phase 3","Smart Gas",36.906571,-1.249777,5778,3838,5523,577800,575700,1656900,2810400,15139
88,"Umoja Innercore and 1","R and K",36.890947,-1.286785,9688,2086,7111,968800,312900,2133300,3415000,18885
89,"Donholm","One stop butchery",36.889565,-1.292636,2772,6395,9233,277200,959250,2769900,4006350,18400
90,"Embakasi (Fedha, Nyayo,Tasia)","Fei Shop At Mradi Slum",36.907776,-1.31566,4144,3324,3341,414400,498600,1002300,1915300,10809
91,"Embakasi (Fedha, Nyayo,Tasia)","Robetec General shop",36.90169,-1.31561,566,516,4625,56600,77400,1387500,1521500,5707
92,"Embakasi (Fedha, Nyayo,Tasia)","Shop 360",36.911528,-1.308093,3542,991,3939,354200,148650,1181700,1684550,8472
93,"Githurai 45","Mt Kenya Shop(Githurai 45)",36.922537,-1.215014,741,2614,6240,74100,392100,1872000,2338200,9595
94,"Lucky Summer","Nevillos Investment",36.9012,-1.238628,9829,1963,8041,982900,294450,2412300,3689650,19833
95,"Kinoo","Supreme Supermarket",36.702679,-1.257242,7419,3949,6790,741900,592350,2037000,3371250,18158
96,"Thika","Testimony Shop",37.077826,-1.054281,1971,5053,3639,197100,757950,1091700,2046750,10663
97,"Mlolongo","Walk and shop supermarket",36.939646,-1.395405,6686,9725,3664,668600,1458750,1099200,3226550,20075
98,"Kibera Ayany","Kibera 42",36.77358,-1.309406,6683,7710,3333,668300,1156500,999900,2824700,17726
99,"Ngando","Pedimart Supermarket & Supplies Ltd",36.73861,-1.30664,6179,3373,8894,617900,505950,2668200,3792050,18446
100,"Eastleigh","Al Nasri Shop",36.852789,-1.286328,9928,6419,4358,992800,962850,1307400,3263050,20705
101,"Kahawa West","Avenue Shop-EA",36.902049,-1.186182,595,3525,4431,59500,528750,1329300,1917550,8551
102,"Umoja 2 and 3","Kaingoni Traders",36.894723,-1.26501,4485,5129,8859,448500,769350,2657700,3875550,18473
103,"Kitengela","DM gas and Mpesa",36.966553,-1.481087,8040,1333,5523,804000,199950,1656900,2660850,14896
104,"Waithaka","Mashi minimart",36.724876,-1.29014,9941,1386,7596,994100,207900,2278800,3480800,18923
105,"Kawangware","Shawnlink Enterprises - Methonge",36.742402,-1.284197,776,323,8579,77600,48450,2573700,2699750,9678
106,"Maringo","Hurricane Garments",36.861423,-1.293188,5,4066,2800,500,609900,840000,1450400,6871
107,"Embakasi (Fedha, Nyayo,Tasia)","Bahamas (C) Electronics",36.898,-1.319459,1770,4251,1795,177000,637650,538500,1353150,7816
108,"Mwiki","Edibiqs Mini Mart",36.923695,-1.228553,2205,3248,3611,220500,487200,1083300,1791000,9064
109,"Kayole","Eighty eight auto pcea",36.913473,-1.270776,3607,5789,2800,360700,868350,840000,2069050,12196
110,"Dandora Phase 4 & 5","Tula cyber",36.9039,-1.2439,7533,1417,679,753300,212550,203700,1169550,9629
111,"Ngando","Kizingo Shop (Jamhuri)",36.739172,-1.302147,1935,7738,7471,193500,1160700,2241300,3595500,17144
112,"Dandora Phase 1","INTERNATIONAL YOUNG TAILORS",36.892913,-1.255677,9943,8521,4637,994300,1278150,1391100,3663550,23101
113,"Lucky Summer","Spot on play ground",36.898572,-1.239385,3241,5087,8595,324100,763050,2578500,3665650,16923
114,"Athi River","STAR LIGHT",36.9728,-1.4546,2757,6317,3816,275700,947550,1144800,2368050,12890
115,"Kikuyu","Bobs Bistro kwambira",36.651389,-1.217629,5069,5120,7462,506900,768000,2238600,3513500,17651
116,"Rongai","Digital makaa",36.7571,-1.3977,6341,8038,1299,634100,1205700,389700,2229500,15678
117,"Jerusalem Jericho","GATHAMBIA SHOP",36.87055,-1.28597,1754,8944,3427,175400,1341600,1028100,2545100,14125
118,"Mlango Kubwa","Open blessings holdings",36.851197,-1.265445,9976,1950,8710,997600,292500,2613000,3903100,20636
119,"Kayole","Perfect mission investment",36.911102,-1.280288,800,456,6692,80000,68400,2007600,2156000,7948
120,"Kariobangi North","Jegla Gas",36.8805,-1.2607,68,523,639,6800,78450,191700,276950,1230
121,"Thika","Brians General Shop",37.052557,-1.073286,5343,2828,9612,534300,424200,2883600,3842100,17783
122,"Mukuru kwa Njenga","NJOWAS TRADERS",36.8851,-1.3192,1403,237,9178,140300,35550,2753400,2929250,10818
123,"Mlolongo","MG shop 3",36.944664,-1.400473,8177,3292,7464,817700,493800,2239200,3550700,18933
124,"Kahawa","Favoured Shop",36.925934,-1.198976,4702,9748,9849,470200,1462200,2954700,4887100,24299
125,"Waithaka","Quick fix",36.723562,-1.289973,3114,5659,3229,311400,848850,968700,2128950,12002
126,"Githurai 45","Magic Furnisher",36.936827,-1.208836,1296,6967,7778,129600,1045050,2333400,3508050,16041
127,"Kahawa West","BEAUTIFLOW LTD",36.907463,-1.181664,1285,9233,5710,128500,1384950,1713000,3226450,16228
128,"Pipeline","Muhindi Mweusi Supermarket Transami",36.896942,-1.324597,6484,1593,5367,648400,238950,1610100,2497450,13444
129,"Kawangware","Kimsmart Supermarket",36.753427,-1.286466,9885,1056,5240,988500,158400,1572000,2718900,16181
130,"Kariobangi North","Star Fashion",36.883486,-1.252726,9399,6253,1839,939900,937950,551700,2429550,17491
131,"Pipeline","Sirdawa Investment",36.889422,-1.311937,387,6170,458,38700,925500,137400,1101600,7015
132,"Limuru","Jamwa Supermarket",36.666923,-1.149155,4202,2324,9510,420200,348600,2853000,3621800,16036
133,"Kibera","Western general shop",36.796079,-1.314581,2464,6403,4724,246400,960450,1417200,2624050,13591
134,"Mwihoko","Timko Agency 2",36.961505,-1.206047,9995,7364,8611,999500,1104600,2583300,4687400,25970
135,"Githurai 45","God's favour shop (45)",36.92238,-1.213022,7187,4253,2825,718700,637950,847500,2204150,14265
136,"Kahawa West","Lillies Supermarket",36.906785,-1.18638,3701,3615,7883,370100,542250,2364900,3277250,15199
137,"Umoja Innercore and 1","Mama Betty mini shop",36.894299,-1.281967,7251,7000,6477,725100,1050000,1943100,3718200,20728
138,"South C","Villes food limited.",36.827877,-1.31356,2539,9780,7866,253900,1467000,2359800,4080700,20185
139,"Pipeline","Bluestart Glassmart And General Merchants",36.897348,-1.319298,3859,9258,7355,385900,1388700,2206500,3981100,20472
140,"Kibera","Double K Beuty Shop",36.79769,-1.312348,4165,9536,9809,416500,1430400,2942700,4789600,23510
141,"Thika","Kikwetu Mini Matt And Dairy",37.080131,-1.036283,2302,8974,1934,230200,1346100,580200,2156500,13210
142,"Mathare slum","Highway store",36.863018,-1.262419,8873,3448,2334,887300,517200,700200,2104700,14655
143,"Ruiru","Dobren Enterprises",36.958298,-1.157397,2467,8483,3991,246700,1272450,1197300,2716450,14941
144,"Mwiki","Johntex electronics",36.934691,-1.234749,1235,2379,7708,123500,356850,2312400,2792750,11322
145,"Lucky Summer","Rk Investment",36.889565,-1.244379,5859,7433,5660,585900,1114950,1698000,3398850,18952
146,"Lucky Summer","Spot on mainstage",36.8975,-1.2398,7638,2126,3641,763800,318900,1092300,2175000,13405
147,"Pipeline","General Citizen Supermarket",36.895861,-1.318289,3992,8535,6249,399200,1280250,1874700,3554150,18776
148,"Gatina","Mwireri Shop",36.75152,-1.28001,1890,6853,2223,189000,1027950,666900,1883850,10966
149,"Buruburu","The Care Beauty Salon",36.87418,-1.279283,4498,6904,4370,449800,1035600,1311000,2796400,15772
150,"CBD","Muthurwa Nine Investments",36.8343,-1.2879,927,9488,4212,92700,1423200,1263600,2779500,14627
151,"Marurui","Agash Investment Ltd",36.8885,-1.200013,4525,6281,1520,452500,942150,456000,1850650,12326
152,"Kahawa West","LAQUINTA SUPERMARKET (KM)",36.930603,-1.17459,2446,9627,9182,244600,1444050,2754600,4443250,21255
153,"Huruma","Limbo ChapChap Store",36.87626,-1.255687,1684,5188,4285,168400,778200,1285500,2232100,11157
154,"Kariobangi South","KASA GAS SUPPLY",36.885263,-1.267297,6984,1631,4936,698400,244650,1480800,2423850,13551
155,"Thika","Everest enterprise makongeni",37.11396,-1.05793,1027,9055,6917,102700,1358250,2075100,3536050,16999
156,"Mwiki","Kena enterprises",36.9309,-1.2368,5804,2267,4566,580400,340050,1369800,2290250,12637
157,"Dandora Phase 4 & 5","Grahons Enterprise",36.913562,-1.241973,4055,1082,2574,405500,162300,772200,1340000,7711
158,"Dandora Phase 1","Kuku shop",36.89282,-1.255243,9290,8982,824,929000,1347300,247200,2523500,19096
159,"Shauri Moyo","THE PLACE TO BE",36.847364,-1.28873,5044,2683,5598,504400,402450,1679400,2586250,13325
160,"Kitengela","Bethel Shop",36.953545,-1.475323,6798,3670,2467,679800,550500,740100,1970400,12935
161,"Kayole","Carfex general store",36.910978,-1.287483,7700,3634,8354,770000,545100,2506200,3821300,19688
162,"Kibera Ayany","Graceline adventures",36.777108,-1.311783,9893,4502,2244,989300,675300,673200,2337800,16639
163,"Imara Daima","Blessed cereals shop",36.890937,-1.326212,87,2488,569,8700,373200,170700,552600,3144
164,"Mathare North","Junja traders",36.874215,-1.25082,9621,6350,3484,962100,952500,1045200,2959800,19455
165,"Waithaka","Maxim Enterprises",36.728027,-1.279152,9339,5266,9634,933900,789900,2890200,4614000,24239
166,"Eastleigh","Utukufu Butchery",36.850742,-1.282451,3849,50,4283,384900,7500,1284900,1677300,8182
167,"Umoja 2 and 3","Edlink agencies",36.893516,-1.272407,9923,4905,7149,992300,735750,2144700,3872750,21977
168,"Mwiki","Jirehmart",36.922333,-1.227206,93,282,564,9300,42300,169200,220800,939
169,"Umoja 2 and 3","GENESSIS ATM MILK",36.893471,-1.268624,3521,7152,3797,352100,1072800,1139100,2564000,14470
170,"Gachie","Kings Gas",36.778441,-1.220172,4133,4560,1865,413300,684000,559500,1656800,10558
171,"Rongai","Nel shop",36.720999,-1.373498,1105,4809,9675,110500,721350,2902500,3734350,15589
172,"Ruaraka/Baba Dogo","Oasis Minimart",36.885662,-1.24813,7222,9821,8327,722200,1473150,2498100,4693450,25370
173,"Buruburu","EPIC ENERGY EFFICIENT TECHNOLOGIES LTD",36.881417,-1.287633,3378,2488,8396,337800,373200,2518800,3229800,14262
174,"Kariobangi North","Karia Supermarket 6",36.884,-1.2632,4289,1342,4974,428900,201300,1492200,2122400,10605
175,"Mathare slum","PAMOJA EXPRESS SUPERMARKET",36.86459,-1.25998,2505,218,7448,250500,32700,2234400,2517600,10171
176,"Huruma","Irene Muthoni Njuguna shop",36.875125,-1.260785,4839,1874,1538,483900,281100,461400,1226400,8251
177,"Kahawa West","Elidah Supermarket",36.906147,-1.184312,1444,3214,6473,144400,482100,1941900,2568400,11131
178,"Thika","Le Patron Thika",37.0789,-1.0384,8261,4231,2893,826100,634650,867900,2328650,15385
179,"Huruma","Milestone Technology Ltd",36.869873,-1.257232,9507,9898,6860,950700,1484700,2058000,4493400,26265
180,"Kaloleni","SHASHE ENTERPRISES",36.858583,-1.296482,770,397,3147,77000,59550,944100,1080650,4314
181,"Kikuyu","Boutique kikuyu",36.664455,-1.245543,6354,6911,526,635400,1036650,157800,1829850,13791
182,"Kayole","Smart Gas Supply",36.914743,-1.280473,691,7124,7913,69100,1068600,2373900,3511600,15728
183,"Kawangware","Solomon's Shop",36.744355,-1.285308,356,9857,4887,35600,1478550,1466100,2980250,15100
184,"Huruma","GOD IS GOOD BUSINESS CENTER",36.87624,-1.25441,1084,6530,6501,108400,979500,1950300,3038200,14115
185,"Eastleigh","Fixmatt Supermarket Pumwani California",36.847004,-1.282601,8165,3046,784,816500,456900,235200,1508600,11995
186,"Kitengela","Mt kenya shop kitengela",36.956175,-1.472097,9681,9822,2060,968100,1473300,618000,3059400,21563
187,"Kasarani","El- Betel General Shop",36.909168,-1.219623,192,3135,8306,19200,470250,2491800,2981250,11633
188,"Buruburu","KAWASANG GAS RETAILER",36.8804,-1.2839,2503,5609,9618,250300,841350,2885400,3977050,17730
189,"Mathare North","Dc Wines And Spirit",36.872799,-1.247656,6227,8671,9265,622700,1300650,2779500,4702850,24163
190,"Mathare North","Genuine Gas",36.872687,-1.248028,504,3204,8167,50400,480600,2450100,2981100,11875
191,"Buruburu","Hillocks Shop Harambee",36.87502,-1.284686,7308,9666,8931,730800,1449900,2679300,4860000,25905
192,"Nairobi West","Wild style shop",36.820275,-1.307627,1835,2626,5541,183500,393900,1662300,2239700,10002
193,"Kiambu Township","Shegeh Distributors",36.840847,-1.17026,6509,71,2536,650900,10650,760800,1422350,9116
194,"Athi River","TWINE SHOP",36.979389,-1.448687,4980,6258,9172,498000,938700,2751600,4188300,20410
195,"Juja","Kamaham Traders (Juja)",36.999372,-1.081783,7194,8170,9685,719400,1225500,2905500,4850400,25049
196,"Embakasi (Fedha, Nyayo,Tasia)","Seven Up",36.895861,-1.307285,5674,4141,5354,567400,621150,1606200,2794750,15169
197,"Riruta Satellite","Kizingo Cyber Satellite",36.735249,-1.292524,1346,8837,6140,134600,1325550,1842000,3302150,16323
198,"Kibera","Human Needs Project (Kibera)",36.781443,-1.314061,8447,5869,3628,844700,880350,1088400,2813450,17944
199,"Kitengela","Best home store",36.959295,-1.478168,6450,5307,3987,645000,796050,1196100,2637150,15744
200,"Ruai","Safeway's Electronics",36.972566,-1.290314,7148,5740,2548,714800,861000,764400,2340200,15436
201,"Ruai","RSL supermarket",36.97236,-1.288129,907,2457,2470,90700,368550,741000,1200250,5834
202,"Thika","Murime Enterprises",37.075002,-1.048719,6925,2746,9925,692500,411900,2977500,4081900,19596
203,"Kiambiu","Kamax Enterprises",36.866121,-1.28104,4933,5071,7660,493300,760650,2298000,3551950,17664
204,"Kawangware","Fraemy Supermarket",36.75179,-1.28085,6454,7275,2054,645400,1091250,616200,2352850,15783
205,"Huruma","Jose shop",36.872229,-1.257872,2397,3546,6219,239700,531900,1865700,2637300,12162
206,"Nairobi West","Nairobi West gas",36.822751,-1.307331,9109,6153,2857,910900,922950,857100,2690950,18119
207,"Kibera","Ogare Success",36.777378,-1.313229,1913,8998,236,191300,1349700,70800,1611800,11147
208,"Ngara","African General Store",36.829803,-1.278025,9014,6889,6068,901400,1033350,1820400,3755150,21971
209,"Kayole","Afro lights electricals and hardware",36.911718,-1.276483,1589,6646,3285,158900,996900,985500,2141300,11520
210,"Langata","Mambo Jambo Mini Mart",36.779191,-1.323359,4302,5425,310,430200,813750,93000,1336950,10037
211,"Ruai","Agape gas center",36.95885,-1.280463,5771,630,9181,577100,94500,2754300,3425900,15582
212,"Ngando","Wambati Mini Market",36.744403,-1.302224,5370,237,1557,537000,35550,467100,1039650,7164
213,"Waithaka","Simran Investment",36.720762,-1.285075,7100,8237,3039,710000,1235550,911700,2857250,18376
214,"Kitengela","Gichuki electronics",36.959882,-1.474392,5042,6651,3814,504200,997650,1144200,2646050,15507
215,"Kayole","Gas point patanisho",36.911415,-1.27352,1209,6125,1951,120900,918750,585300,1624950,9285
216,"Chokaa","Muhindi mweusi supermarket Chokaa",36.951565,-1.249931,5570,9193,5709,557000,1378950,1712700,3648650,20472
217,"Thika","ANDAY GAS SUPPLIERS MALABA",37.075179,-1.092763,619,3464,2018,61900,519600,605400,1186900,6101
218,"Thika","Duka la vyoo (kisii)",37.125338,-1.069117,3977,2276,3971,397700,341400,1191300,1930400,10224
219,"Dandora Phase 4 & 5","Chwele Shop",36.91079,-1.243846,8563,7513,3902,856300,1126950,1170600,3153850,19978
220,"Waithaka","Camnice Beauty Shop",36.726907,-1.294156,2868,82,3199,286800,12300,959700,1258800,6149
221,"Ruiru","King'swill Trading",36.929214,-1.152419,8859,4175,7839,885900,626250,2351700,3863850,20873
222,"Ruiru","Naina investments",36.94588,-1.150871,459,7579,8782,45900,1136850,2634600,3817350,16820
223,"Shauri Moyo","Blessed General Shop (Shauri Moyo)",36.844063,-1.28968,7925,2104,5689,792500,315600,1706700,2814800,15718
224,"Kangemi","Kristech enterprises",36.747577,-1.266293,6473,9440,9481,647300,1416000,2844300,4907600,25394
225,"Kariobangi South","Eastlands Energy Center",36.887307,-1.26248,6472,5188,1138,647200,778200,341400,1766800,12798
226,"Limuru","Njogu's Shop",36.64238,-1.11119,4625,5206,5135,462500,780900,1540500,2783900,14966
227,"Ruiru","Kagz shop",36.954188,-1.163578,6100,4257,4541,610000,638550,1362300,2610850,14898
228,"Umoja Innercore and 1","General shop Umoja",36.896666,-1.284839,5749,8386,8633,574900,1257900,2589900,4422700,22768
229,"Nairobi West","Mumias Gas",36.819121,-1.307093,3329,9518,8466,332900,1427700,2539800,4300400,21313
230,"Kibera","Frida's shop",36.77282,-1.308015,4443,3899,1403,444300,584850,420900,1450050,9745
231,"Kayole","Meatland Butchery",36.908503,-1.279651,8618,5631,8358,861800,844650,2507400,4213850,22607
232,"Ruaka/Denderu","Nandis fashions",36.755853,-1.174637,2195,5675,1324,219500,851250,397200,1467950,9194
233,"Kayole","Denzel Communications",36.916437,-1.266498,2866,3959,5997,286600,593850,1799100,2679550,12822
234,"Kariokor","Mukurwei-ini general shop",36.833656,-1.279981,2550,6014,5103,255000,902100,1530900,2688000,13667
235,"Thika","Ree Supermarket",37.095347,-1.072549,2320,1221,3998,232000,183150,1199400,1614550,7539
236,"Donholm","The morgans",36.905613,-1.287104,2996,9533,3789,299600,1429950,1136700,2866250,16318
237,"Huruma","GLAMOROUS SHOP",36.873723,-1.256937,1774,1809,5556,177400,271350,1666800,2115550,9139
238,"Ngong","Leyfin's crunchy cafe",36.6602,-1.3496,5244,6201,4922,524400,930150,1476600,2931150,16367
239,"Dandora Phase 4 & 5","Glory Agency",36.901553,-1.249758,9504,6713,8583,950400,1006950,2574900,4532250,24800
240,"Pipeline","General citizen mini market",36.894464,-1.319343,9917,6507,8176,991700,976050,2452800,4420550,24600
241,"Jerusalem Jericho","Mercyjoh Shop",36.867088,-1.285917,3031,3880,2042,303100,582000,612600,1497700,8953
242,"Dagoretti Corner","Four Mart Supermarket",36.757908,-1.298984,7416,9569,3183,741600,1435350,954900,3131850,20168
243,"Imara Daima","Wamwea Enterprises",36.885564,-1.323086,3723,8907,4830,372300,1336050,1449000,3157350,17460
244,"Uthiru","Genesis Gas Supplies (Uthiru)",36.718094,-1.262259,5208,9137,6265,520800,1370550,1879500,3770850,20610
245,"Pangani","Maskumatt Supermarket",36.839404,-1.267684,2862,3822,5197,286200,573300,1559100,2418600,11881
246,"Ruai","CEREALS & GENERAL SHOP",36.959689,-1.279939,678,3737,9467,67800,560550,2840100,3468450,13882
247,"Dandora Phase 4 & 5","Mecks Designers",36.905082,-1.242432,2445,4008,1988,244500,601200,596400,1442100,8441
248,"Obama","Soko Huru saika",36.9155,-1.2532,5784,7600,4852,578400,1140000,1455600,3174000,18236
249,"Githurai 45","Samtime Enterprise",36.916947,-1.208568,6234,4762,7869,623400,714300,2360700,3698400,18865
250,"Kibera","Beauty cosmetic katwekera shop",36.783021,-1.314512,4347,9603,2751,434700,1440450,825300,2700450,16701
251,"Roysambu/Mirema","Mirema Mini Mart",36.88759,-1.21124,1998,4680,1898,199800,702000,569400,1471200,8576
252,"Kiambu Township","Kamukunji ndogo ndumberi",36.80509,-1.152071,6082,828,4884,608200,124200,1465200,2197600,11794
253,"Kiambu Township","G-unit super store",36.841618,-1.172933,4381,9885,3076,438100,1482750,922800,2843650,17342
254,"Waithaka","Shawnlink Enterprises",36.723937,-1.282357,3359,7966,8733,335900,1194900,2619900,4150700,20058
255,"Pipeline","Mutifudz Grain Limited (Pipeline)",36.89484,-1.32215,645,2316,5540,64500,347400,1662000,2073900,8501
256,"Dandora Phase 4 & 5","Tragbo agencies mowlem",36.907156,-1.257765,7105,6147,747,710500,922050,224100,1856650,13999
257,"Mathare North","Chamka enterprise",36.870745,-1.253079,7324,7710,9830,732400,1156500,2949000,4837900,24864
258,"Kayole","Safe Energy",36.918653,-1.274675,6750,5467,8842,675000,820050,2652600,4147650,21059
259,"Dandora Phase 4 & 5","Jummos shop",36.909601,-1.244575,7961,3290,4010,796100,493500,1203000,2492600,15261
260,"Ruai","Jossy Mini Matt",36.987655,-1.284383,3708,6422,2004,370800,963300,601200,1935300,12134
261,"Mwiki","Wamsoo shop",36.92111,-1.23714,3832,9842,37,383200,1476300,11100,1870600,13711
262,"Githurai 44","Precicot Limited",36.90318,-1.202168,6686,7417,2955,668600,1112550,886500,2667650,17058
263,"Kibera","New kibstan w/salers",36.785435,-1.308553,5585,4386,6707,558500,657900,2012100,3228500,16678
264,"Athi River","Blessed Gas Centre (Athi River)",36.97751,-1.445829,5817,3226,8167,581700,483900,2450100,3515700,17210
265,"Eastleigh","Shell Bidii-EA",36.848602,-1.279231,1341,9332,1001,134100,1399800,300300,1834200,11674
266,"Kayole","Kayole Super Duka",36.915335,-1.27713,2742,2064,3510,274200,309600,1053000,1636800,8316
267,"Thika","LEVAPTRUZY HARDWARE",37.0584,-1.0417,6286,8034,4214,628600,1205100,1264200,3097900,18534
268,"Kayole","Fastnet cyber",36.910146,-1.275927,802,3214,9645,80200,482100,2893500,3455800,13661
269,"Dandora Phase 1","Rehoboth Shop",36.894304,-1.260006,1497,7951,6488,149700,1192650,1946400,3288750,15936
270,"Ruiru","Members shop",36.964638,-1.127753,1034,2823,9400,103400,423450,2820000,3346850,13257
271,"Gatina","Fair price cereals (gatina)",36.758817,-1.274562,9988,8773,6804,998800,1315950,2041200,4355950,25565
272,"Dandora Phase 4 & 5","Neema Cereals and Shop",36.907641,-1.242938,649,5206,3791,64900,780900,1137300,1983100,9646
273,"Pangani","Dimension investment",36.838569,-1.267324,3756,4530,6798,375600,679500,2039400,3094500,15084
274,"Roysambu/Mirema","Six Point One Mart",36.887691,-1.216092,5078,6448,4197,507800,967200,1259100,2734100,15723
275,"Pangani","Fresh juices and vegetables store(pangani)",36.839609,-1.270314,6214,8259,4795,621400,1238850,1438500,3298750,19268
276,"Dandora Phase 4 & 5","Novitech Shop",36.9031,-1.2457,3759,1436,8969,375900,215400,2690700,3282000,14164
277,"Eastleigh","Blessed Emelda Enterprises",36.851824,-1.267326,2789,3769,1779,278900,565350,533700,1377950,8337
278,"Mlolongo","MG GAS AND ELECTRONICS",36.942436,-1.391338,245,1322,9021,24500,198300,2706300,2929100,10588
279,"Umoja Innercore and 1","Annma Cyber",36.88637,-1.292697,397,6377,1693,39700,956550,507900,1504150,8467
280,"Ruaka/Denderu","Shosh general shop",36.760623,-1.178505,2060,7041,2801,206000,1056150,840300,2102450,11902
281,"Mwiki","Jadmas home decor",36.919232,-1.235815,8509,4493,6555,850900,673950,1966500,3491350,19557
282,"Imara Daima","Angaza Energy",36.885395,-1.323494,6937,3575,1422,693700,536250,426600,1656550,11934
283,"Waithaka","Sauti fresh(Riruta)",36.727135,-1.283665,7513,1765,3314,751300,264750,994200,2010250,12592
284,"Kariobangi North","Silvapack investment",36.881449,-1.25822,132,9774,5315,13200,1466100,1594500,3073800,15221
285,"Ruiru","Maina Gas",36.945948,-1.154285,5862,9964,7969,586200,1494600,2390700,4471500,23795
286,"Eastleigh Section 3","Bancy general supplies",36.852554,-1.287239,9459,100,1815,945900,15000,544500,1505400,11374
287,"Juja","Truthtech Kinyozi",37.021877,-1.090692,8107,6450,4930,810700,967500,1479000,3257200,19487
288,"Ruaraka/Baba Dogo","Mikey Shop",36.883533,-1.247185,3215,6650,8621,321500,997500,2586300,3905300,18486
289,"Mathare North","Joy Gas (Mathare North)",36.863132,-1.25431,1475,8742,8575,147500,1311300,2572500,4031300,18792
290,"Ruai","Tripple J",36.99735,-1.270865,8370,1429,1501,837000,214350,450300,1501650,11300
291,"Githurai 44","A.K Gas Dealers",36.913498,-1.202133,8574,3219,2085,857400,482850,625500,1965750,13878
292,"Juja","Stemuck Enterprises",37.01159,-1.121403,8464,3029,1364,846400,454350,409200,1709950,12857
293,"Kibera","Kakije Posho Mill",36.7815,-1.3088,6994,8665,18,699400,1299750,5400,2004550,15677
294,"Dandora Phase 1","Innocent Shop",36.891345,-1.256646,401,2639,445,40100,395850,133500,569450,3485
295,"Embakasi (Fedha, Nyayo,Tasia)","Bahamas (B) Electronics",36.90016,-1.319926,2648,3225,5358,264800,483750,1607400,2355950,11231
296,"Huruma","Jennifer shop",36.87801,-1.261433,8824,3057,2310,882400,458550,693000,2033950,14191
297,"Dandora Phase 1","Gateway Cereals Shop",36.889931,-1.258599,5583,2010,7908,558300,301500,2372400,3232200,15501
298,"Thika","Landmark Kinyozi",37.092036,-1.073217,9922,7646,6063,992200,1146900,1818900,3958000,23631
299,"Gachie","Vision Gas",36.767117,-1.219856,399,7132,7790,39900,1069800,2337000,3446700,15321
300,"Dandora Phase 1","Rescue Butchery",36.886841,-1.260556,4857,4205,7851,485700,630750,2355300,3471750,16913
301,"Kiserian","Corner Duka Kiserian",36.682962,-1.426364,8667,4116,7431,866700,617400,2229300,3713400,20214
302,"Kayole","Watailor classic collection",36.908417,-1.27944,5027,6015,8932,502700,902250,2679600,4084550,19974
303,"Ruaraka/Baba Dogo","Emmysam store",36.883077,-1.24916,8051,491,1218,805100,73650,365400,1244150,9760
304,"Kariobangi North","Kariobangi Memory Enterprise",36.88065,-1.255859,6935,4750,819,693500,712500,245700,1651700,12504
305,"Rongai","Bethsaida cereals and shop",36.749353,-1.394476,1414,2382,5252,141400,357300,1575600,2074300,9048
306,"Mwiki","Jasco Matt",36.920013,-1.224633,5093,6293,4071,509300,943950,1221300,2674550,15457
307,"Thika","Edymac electricals Nyacaba",37.055557,-1.098287,7442,871,2018,744200,130650,605400,1480250,10331
308,"Dagoretti Corner","EMCO Petrol Station",36.757211,-1.298115,4696,6118,2051,469600,917700,615300,2002600,12865
309,"Embakasi (Fedha, Nyayo,Tasia)","Alevic Chemist",36.88977,-1.30808,8673,2591,5314,867300,388650,1594200,2850150,16578
310,"Kayole","Sharks Agencies",36.916525,-1.272425,1224,952,1046,122400,142800,313800,579000,3222
311,"Thika","Sabina Muthoni Shop Kibuto",37.053878,-1.073215,6830,9333,6732,683000,1399950,2019600,4102550,22895
312,"Embakasi (Fedha, Nyayo,Tasia)","Smart shop - Tassia",36.8925,-1.3107,7226,1359,6065,722600,203850,1819500,2745950,14650
313,"Syokimau","Rolcham Enterprises",36.925971,-1.366397,3346,2778,2064,334600,416700,619200,1370500,8188
314,"Kasarani","Zam Chicks Outlet",36.871965,-1.230733,7478,2732,937,747800,409800,281100,1438700,11147
315,"Ngara","Dan General Shop",36.833756,-1.272609,6810,1227,4930,681000,184050,1479000,2344050,12967
316,"Kangemi","Teddy Care Chemist",36.750299,-1.267101,9353,7893,2679,935300,1183950,803700,2922950,19925
317,"Riruta Satellite","Hermes Dairy",36.738045,-1.29317,7315,4956,4112,731500,743400,1233600,2708500,16383
318,"Roysambu/Mirema","Mash gas point",36.893081,-1.206058,1176,6332,104,117600,949800,31200,1098600,7612
319,"Pangani","Hatron Elect (Pangani)",36.837856,-1.26687,8554,3053,954,855400,457950,286200,1599550,12561
320,"Dandora Phase 1","Wekonze Enterprise",36.901425,-1.265704,4132,3460,6403,413200,519000,1920900,2853100,13995
321,"Kariobangi North","Digital Gas",36.883447,-1.255115,1333,5559,1375,133300,833850,412500,1379650,8267
322,"Ruiru","Safi sacco",36.933376,-1.151615,630,5949,9607,63000,892350,2882100,3837450,16186
323,"Kawangware","Amazing Grace",36.75293,-1.283498,3674,7532,6447,367400,1129800,1934100,3431300,17653
324,"Pipeline","Eddysam mini Selection",36.887867,-1.31018,8652,2536,1680,865200,380400,504000,1749600,12868
325,"Thika","Abrazack Enterprises",37.105692,-1.060787,2026,7630,3907,202600,1144500,1172100,2519200,13563
326,"Obama","Geoka Traders Cooking Gas",36.9229,-1.257599,1014,2772,7761,101400,415800,2328300,2845500,11547
327,"Obama","Chany's Butchery-EA",36.919028,-1.25789,1729,8659,8586,172900,1298850,2575800,4047550,18974
328,"Kikuyu","Mama Tony Shop,Kikuyu",36.674548,-1.211302,6490,971,2168,649000,145650,650400,1445050,9629
329,"Bahati","Creammart Holdings Limited",36.85509,-1.29175,2471,2819,1359,247100,422850,407700,1077650,6649
330,"Zimmerman","Bethel Mini Mart (Zimmerman)",36.89597,-1.2142,7907,2821,7993,790700,423150,2397900,3611750,18721
331,"Obama","Globelight Electricals",36.923173,-1.255101,6181,8945,2864,618100,1341750,859200,2819050,17990
332,"Obama","Macbest Supermarket",36.9289,-1.25488,671,2659,7212,67100,398850,2163600,2629550,10542
333,"Dandora Phase 4 & 5","Arizona shop Dandora",36.913433,-1.242042,9130,5117,8614,913000,767550,2584200,4264750,22861
334,"Juja","The Rock Butchery",37.020464,-1.092215,2804,6126,1901,280400,918900,570300,1769600,10831
335,"Ruaka/Denderu","Reliance kerosene and Gas suppliers",36.755591,-1.177777,1417,5043,8890,141700,756450,2667000,3565150,15350
336,"Umoja 2 and 3","Nasra studio",36.899233,-1.276346,31,5255,9415,3100,788250,2824500,3615850,14701
337,"Kitengela","Wellspring Home Supplies",36.955218,-1.481081,9397,1884,953,939700,282600,285900,1508200,12234
338,"Huruma","DIGITAL FLAMES SUPERMARKET",36.86579,-1.2606,1853,8058,1659,185300,1208700,497700,1891700,11570
339,"Eastleigh","Umiema Small Supermarket",36.849037,-1.28111,9671,403,4111,967100,60450,1233300,2260850,14185
340,"Limuru","Greenland Wholesalers & Distributors Limited",36.64293,-1.110504,299,4770,8527,29900,715500,2558100,3303500,13596
341,"Kitengela","MEAT MASTERS BUTCHERY",36.965362,-1.496945,3180,4602,8408,318000,690300,2522400,3530700,16190
342,"Juja","Beza",37.015117,-1.100796,4284,7479,7502,428400,1121850,2250600,3800850,19265
343,"Kawangware","Wavickky shop kawangware",36.74511,-1.287553,6015,4568,9571,601500,685200,2871300,4158000,20154
344,"Obama","Edmac investment saika",36.916168,-1.256806,5525,2428,7057,552500,364200,2117100,3033800,15010
345,"Ruaka/Denderu","Spintec Cyber",36.778114,-1.193487,5726,9723,5540,572600,1458450,1662000,3693050,20989
346,"Athi River","ULTASUBLIME CONCEPTS",36.980813,-1.428096,2168,2674,4371,216800,401100,1311300,1929200,9213
347,"Mlolongo","Mg Shop 2",36.94151,-1.390622,7475,5406,9142,747500,810900,2742600,4301000,22023
348,"Thika","Masters Seeds Shop",37.125805,-1.065673,3409,9056,2362,340900,1358400,708600,2407900,14827
349,"Kiambu Township","Shianne Cereals",36.839205,-1.202292,2518,8246,1595,251800,1236900,478500,1967200,12359
350,"Kibera","Faraji gas supplies",36.775046,-1.312088,5857,6723,8737,585700,1008450,2621100,4215250,21317
351,"Kawangware","Maisha Hardware (Kawangware)",36.75185,-1.288882,4691,3043,7810,469100,456450,2343000,3268550,15544
352,"Kayole","Trinity shop",36.922629,-1.256691,278,6195,3406,27800,929250,1021800,1978850,9879
353,"Kiambiu","Oryx Shop Kiambiu",36.866184,-1.281909,740,547,3101,74000,82050,930300,1086350,4388
354,"Huruma","MERCY HURUMA GAS POINT",36.875327,-1.257804,4297,9499,8841,429700,1424850,2652300,4506850,22637
355,"Kahawa","Metromart Limited",36.931943,-1.191283,6346,2259,9413,634600,338850,2823900,3797350,18018
356,"Kayole","Kenmar shoes and textiles",36.9253,-1.2623,2264,8006,9876,226400,1200900,2962800,4390100,20146
357,"Waithaka","Wakanyire supermarket",36.722922,-1.281996,738,9198,126,73800,1379700,37800,1491300,10062
358,"Mlango Kubwa","Options Investments",36.844119,-1.265183,384,2241,9480,38400,336150,2844000,3218550,12105
359,"Kiambu Township","Zamursky wa Eddy's shop",36.829202,-1.168662,3734,4531,8084,373400,679650,2425200,3478250,16349
360,"Rongai","Terrazzo Palace",36.744416,-1.396432,4716,5700,4529,471600,855000,1358700,2685300,14945
361,"Ruaraka/Baba Dogo","Wall Solution Energy Agency",36.880218,-1.241189,9894,9242,2749,989400,1386300,824700,3200400,21885
362,"Githurai 44","Kamukunji Traders",36.900351,-1.200825,8839,828,5686,883900,124200,1705800,2713900,15353
363,"Kasarani","KEJACK SHOP- Maternity",36.912959,-1.221507,6368,5410,1771,636800,811500,531300,1979600,13549
364,"Dandora Phase 1","Karia Supermarket 2",36.8895,-1.2594,8568,2251,1675,856800,337650,502500,1696950,12494
365,"Kiambiu","Rollon Enterprises Kiambiu",36.864531,-1.28202,4390,8887,8365,439000,1333050,2509500,4281550,21642
366,"Eastleigh","Altruism Company Limited",36.843889,-1.268091,8463,6046,5372,846300,906900,1611600,3364800,19881
367,"Mlolongo","Mwagesicho shop",36.942436,-1.391338,1597,1961,6237,159700,294150,1871100,2324950,9795
368,"Kayole","Leshcomm Enterprises",36.923375,-1.26496,2017,8055,6974,201700,1208250,2092200,3502150,17046
369,"Kayole","Sauti B Shop",36.920748,-1.269707,8470,3192,9488,847000,478800,2846400,4172200,21150
370,"Kahawa West","Wamac Collection",36.904179,-1.184481,1129,5701,2351,112900,855150,705300,1673350,9181
371,"Thika","Kei kei Celkom shop",37.081275,-1.038262,8545,9873,704,854500,1480950,211200,2546650,19122
372,"Huruma","Joyraw transaction services",36.874355,-1.260508,3460,475,9099,346000,71250,2729700,3146950,13034
373,"Ruaka/Denderu","Faulu Kerosene pump",36.823723,-1.215482,78,1776,4324,7800,266400,1297200,1571400,6178
374,"Dagoretti Corner","Fix-IT Electrical and Hardware",36.756393,-1.299423,7553,514,7115,755300,77100,2134500,2966900,15182
375,"Mathare slum","Awendo Traders",36.858955,-1.261157,3926,6877,6563,392600,1031550,1968900,3393050,17366
376,"Gachie","Jewel Hardware",36.7558,-1.2146,2383,8489,9079,238300,1273350,2723700,4235350,19951
377,"Gachie","Rwinu ventures",36.77777,-1.22072,6224,8461,5576,622400,1269150,1672800,3564350,20261
378,"Kibera","Double M Enterprises mashimoni",36.795717,-1.314105,8974,9914,4806,897400,1487100,1441800,3826300,23694
379,"Kariobangi South","Smiles Empire",36.885911,-1.263627,5826,8224,5795,582600,1233600,1738500,3554700,19845
380,"Githurai 44","Waimani Gas Shop",36.905198,-1.200107,5124,1547,1625,512400,232050,487500,1231950,8296
381,"Ruaka/Denderu","Wote Supermarket",36.746869,-1.193242,2068,7649,4166,206800,1147350,1249800,2603950,13883
382,"Juja","Chamghe Wandu Butchery",37.027418,-1.151306,7895,992,2813,789500,148800,843900,1782200,11700
383,"Embakasi (Fedha, Nyayo,Tasia)","Jambo Enterprises",36.901144,-1.301437,2083,42,2036,208300,6300,610800,825400,4161
384,"Kayole","Top spring medical centre",36.91273,-1.275007,1146,8265,796,114600,1239750,238800,1593150,10207
385,"Kawangware","Cyber world tech",36.747398,-1.286969,8191,6945,5057,819100,1041750,1517100,3377950,20193
386,"Umoja Innercore and 1","Githimu Phamaceuticals",36.891411,-1.277994,1514,1983,1756,151400,297450,526800,975650,5253
387,"Kitengela","Elohim enterprise",36.955082,-1.481753,2915,6747,7541,291500,1012050,2262300,3565850,17203
388,"Shauri Moyo","Messoh Enterprises",36.848305,-1.292052,2184,6953,152,218400,1042950,45600,1306950,9289
389,"Zimmerman","Mom's choice self selection",36.895717,-1.210458,2281,6656,8343,228100,998400,2502900,3729400,17280
390,"Imara Daima","Unique Mini Selection",36.886509,-1.321249,6803,2653,7242,680300,397950,2172600,3250850,16698
391,"Mathare North","Donisha Cereals",36.874355,-1.25138,6646,6158,403,664600,923700,120900,1709200,13207
392,"Ruaka/Denderu","Stewa Shop",36.804493,-1.15215,9842,3459,12,984200,518850,3600,1506650,13313
393,"Kitengela","Dm cooking gas",36.963995,-1.480226,8256,3338,585,825600,500700,175500,1501800,12179
394,"Zimmerman","Jachin Hardware & Electronics",36.89515,-1.21537,4529,2590,7134,452900,388500,2140200,2981600,14253
395,"Imara Daima","Blue Flame Gas",36.885113,-1.324048,1294,1623,6344,129400,243450,1903200,2276050,9261
396,"Kitengela","Carol shop(Yukos)",36.952736,-1.50703,9760,8413,6746,976000,1261950,2023800,4261750,24919
397,"Uthiru","Genesis Gas Supplies (Uthiru)-3",36.715435,-1.261459,6192,9580,5026,619200,1437000,1507800,3564000,20798
398,"Kitengela","Sterling Entertainment (Kitengela)",36.95819,-1.474523,3396,3915,2900,339600,587250,870000,1796850,10211
399,"Eastleigh Section 3","Jinsia General Shop",36.853863,-1.28494,3950,4209,5461,395000,631350,1638300,2664650,13620
400,"Kiambu Township","Milimani Gas And Kerosine Pump",36.751743,-1.147362,3594,4417,6375,359400,662550,1912500,2934450,14386
401,"Mlolongo","ELITE MERCHANTS",36.9476,-1.3999,1871,9931,1403,187100,1489650,420900,2097650,13205
402,"Eastleigh","Emmanuel store",36.850013,-1.271958,2586,6610,5619,258600,991500,1685700,2935800,14815
403,"Dandora Phase 2","Liomart",36.9018,-1.252993,5170,7860,6988,517000,1179000,2096400,3792400,20018
404,"Kasarani","By Faith General Shop",36.907242,-1.212493,7838,1660,8483,783800,249000,2544900,3577700,17981
405,"Kahawa West","Kamae supermarket (kamae road Kahawa west)",36.910097,-1.17555,829,4055,7087,82900,608250,2126100,2817250,11971
406,"Zimmerman","K1 Gas",36.894347,-1.213012,9820,2528,3152,982000,379200,945600,2306800,15500
407,"Eastleigh Section 3","Annointed Shop Kiambiu",36.86159,-1.283588,8490,1838,8405,849000,275700,2521500,3646200,18733
408,"Mathare North","Inforsoft technology",36.874023,-1.250552,5616,1932,2762,561600,289800,828600,1680000,10310
409,"Kibera","Luzon (Kibera)",36.788573,-1.312145,4828,8082,1451,482800,1212300,435300,2130400,14361
410,"Kawangware","Eunika Supermarket-EA",36.744849,-1.285543,7020,3284,9844,702000,492600,2953200,4147800,20148
411,"Rongai","Loliondo mini supermarket( Gataka)",36.720302,-1.372516,5241,4570,6106,524100,685500,1831800,3041400,15917
412,"Eastleigh Section 3","Essy Gas Distributors",36.853108,-1.285448,6187,9185,6862,618700,1377750,2058600,4055050,22234
413,"Imara Daima","Moraa General Shop",36.885441,-1.322034,9486,1607,1840,948600,241050,552000,1741650,12933
414,"Dandora Phase 3","Lobentech comps",36.902628,-1.24858,9172,1297,1716,917200,194550,514800,1626550,12185
415,"Rongai","Andimi general stores",36.748321,-1.39678,1683,7989,2455,168300,1198350,736500,2103150,12127
416,"Huruma","Geopharm",36.866928,-1.258972,3797,5326,1632,379700,798900,489600,1668200,10755
417,"Mowlem-Dandora","Githogoris Shop",36.900352,-1.26276,9634,928,4313,963400,139200,1293900,2396500,14875
418,"Kibera Ayany","Anti-Hill Medical Clinic and Chemist -Kibera Ayany",36.774972,-1.310963,3484,9916,7650,348400,1487400,2295000,4130800,21050
419,"Embakasi (Fedha, Nyayo,Tasia)","Dilmart Stores",36.90222,-1.30498,456,8678,9314,45600,1301700,2794200,4141500,18448
420,"Ruiru","Sasuna gas depot",36.937287,-1.157944,2204,8025,1456,220400,1203750,436800,1860950,11685
421,"Gatina","Trinity",36.750611,-1.278468,6816,3045,9124,681600,456750,2737200,3875550,18985
422,"Kikuyu","Mimos general shop",36.67796,-1.269697,6951,2810,1205,695100,421500,361500,1478100,10966
423,"Kiserian","Elison Dairy shop",36.690545,-1.432854,9764,6134,3085,976400,920100,925500,2822000,18983
424,"Huruma","MNetworks Communication",36.871916,-1.256947,8738,4873,5423,873800,730950,1626900,3231650,19034
425,"Kibera","Tumaini general shop(Darajani)",36.7892,-1.311,1511,9375,4109,151100,1406250,1232700,2790050,14995
426,"Kangemi","Frawaki Supermarket",36.760515,-1.269133,8952,6132,1596,895200,919800,478800,2293800,16680
427,"Pipeline","Muhindi Mweusi supermarket Pipeline",36.890395,-1.315282,6151,3524,7247,615100,528600,2174100,3317800,16922
428,"Ruiru","Blessed Mini Mart (Kihunguro)",36.95731,-1.159401,6562,1217,1272,656200,182550,381600,1220350,9051
429,"Kasarani","Wizzy Mini Matt",36.9017,-1.2181,7139,344,1142,713900,51600,342600,1108100,8625
430,"Zimmerman","Diana Gas",36.894248,-1.212191,4226,8538,8980,422600,1280700,2694000,4397300,21744
431,"Githurai 44","STEPA SUPERMARKET",36.90205,-1.198692,4298,3296,6700,429800,494400,2010000,2934200,14294
432,"Donholm","KASA GAS SUPPLY DONHOLM",36.890971,-1.29901,7628,8142,8034,762800,1221300,2410200,4394300,23804
433,"Mwiki","Mugumo Chemist",36.922624,-1.2253,9618,1233,9558,961800,184950,2867400,4014150,20409
434,"Thika","Jobil electronics kiganjo",37.099271,-1.074662,4258,9857,3137,425800,1478550,941100,2845450,17252
435,"Thika","EJUDE ENTERPRISES",37.12574,-1.06645,1141,3316,4163,114100,497400,1248900,1860400,8620
436,"Loresho/Kyuna","Raspberry",36.7483,-1.2354,7014,3789,1076,701400,568350,322800,1592550,11879
437,"Limuru","Pawa Enterprises",36.627683,-1.109471,1120,2756,1353,112000,413400,405900,931300,5229
438,"Kahawa West","Kanorero Gas supplier",36.902123,-1.183622,6334,1479,9454,633400,221850,2836200,3691450,17267
439,"Pipeline","Vinny shop",36.896775,-1.321807,2367,6215,3955,236700,932250,1186500,2355450,12537
440,"Eastleigh Section 3","A. Salam Gas Suppliers",36.852615,-1.28636,8409,5724,1807,840900,858600,542100,2241600,15940
441,"Dandora Phase 4 & 5","Revival Shop",36.905012,-1.244254,4108,9944,9409,410800,1491600,2822700,4725100,23461
442,"South C","Aymat bandari",36.8211,-1.3255,393,4085,9972,39300,612750,2991600,3643650,14450
443,"Kahawa West","NAKI GENERAL SUPPLIERS LTD",36.905127,-1.181835,4317,7266,226,431700,1089900,67800,1589400,11809
444,"Langata","Violet shop",36.776824,-1.316615,4280,774,4679,428000,116100,1403700,1947800,9733
445,"Kibera Ayany","Olympics Stage Shop",36.777616,-1.312822,3179,7667,9585,317900,1150050,2875500,4343450,20431
446,"Mathare North","Margaret Shop",36.871407,-1.252993,6691,7529,3820,669100,1129350,1146000,2944450,18040
447,"Kayole","SK Mayai",36.919756,-1.262051,2193,930,6515,219300,139500,1954500,2313300,9638
448,"Huruma","Petson 3c Hub",36.873,-1.25638,9533,9907,2137,953300,1486050,641100,3080450,21577
449,"Kariobangi North","Karia Supermarket 5",36.8858,-1.2615,7468,319,7660,746800,47850,2298000,3092650,15447
450,"Kiserian","Clean Cut",36.688047,-1.43027,5367,3062,2313,536700,459300,693900,1689900,10742
451,"Riruta Satellite","Wagache Equity Agent",36.727773,-1.290528,4139,6740,6474,413900,1011000,1942200,3367100,17353
452,"Thika","Mama wangari general shop",37.106128,-1.060829,5061,9357,2632,506100,1403550,789600,2699250,17050
453,"Pipeline","Naichu enterprises- pipeline",36.893233,-1.320262,3422,8327,414,342200,1249050,124200,1715450,12163
454,"Ruai","Mashtech bypass",36.98204,-1.263664,4749,6948,7598,474900,1042200,2279400,3796500,19295
455,"Mlolongo","Jikaze Investments (Mlolongo)",36.943976,-1.394665,1345,6919,3456,134500,1037850,1036800,2209150,11720
456,"Eastleigh","Kefoma",36.84888,-1.266978,8453,3212,9483,845300,481800,2844900,4172000,21148
457,"Ruiru","Ken Gas Depot",36.936182,-1.155807,7077,6069,5443,707700,910350,1632900,3250950,18589
458,"Ngong","Ngong Heights Supermarket",36.656572,-1.356572,9122,7317,623,912200,1097550,186900,2196650,17062
459,"Githurai 45","Upright ventures",36.938051,-1.2135,4782,8189,9994,478200,1228350,2998200,4704750,22965
460,"Thika","Homeway supermarket (Weitethie)",37.053228,-1.067511,3514,2323,3852,351400,348450,1155600,1855450,9689
461,"Pipeline","Hebamalijee Glassmart Hardware And Paints",36.897274,-1.320337,3399,9578,4521,339900,1436700,1356300,3132900,17498
462,"Limuru","Nyambari Evergreen Agencies",36.631897,-1.053907,4990,5121,4839,499000,768150,1451700,2718850,14950
463,"South B","Crocodiles place",36.848497,-1.315591,1293,9593,4354,129300,1438950,1306200,2874450,15240
464,"Kibera","Kongowea Shop",36.792364,-1.314954,2896,7913,1056,289600,1186950,316800,1793350,11865
465,"Jerusalem Jericho","Jericho Cereals Shop",36.870206,-1.292152,6408,3599,5156,640800,539850,1546800,2727450,15163
466,"Thika","Jobil electronics",37.100464,-1.075016,8042,7779,8787,804200,1166850,2636100,4607150,24608
467,"Kangemi","Yobra Electronics",36.74525,-1.26657,1724,4224,5471,172400,633600,1641300,2447300,11419
468,"Githurai 45","Wamaina General Shop",36.918631,-1.207918,9749,6095,2071,974900,914250,621300,2510450,17915
469,"Ruiru","Maina gas suppliers",36.941816,-1.155478,3324,7164,8306,332400,1074600,2491800,3898800,18794
470,"Githurai 45","Loyal Gas",36.970111,-1.215266,5329,6360,7677,532900,954000,2303100,3790000,19366
471,"Syokimau","Shanton Saloon",36.934964,-1.371199,9962,8450,854,996200,1267500,256200,2519900,19266
472,"Kibera","Makaa shop",36.797602,-1.314428,1900,2401,8179,190000,360150,2453700,3003850,12480
473,"Githurai 45","Nichi Powell's Enterprise",36.932332,-1.211105,1889,5940,5464,188900,891000,1639200,2719100,13293
474,"Rongai","Economy Traders & Gas Depot",36.746412,-1.39178,9246,7197,2650,924600,1079550,795000,2799150,19093
475,"Thika","Wa Brian gen supplies",37.11952,-1.06094,2916,9452,7799,291600,1417800,2339700,4049100,20167
476,"Kangemi","Mountain Supermarket",36.7386,-1.27385,155,4587,2149,15500,688050,644700,1348250,6891
477,"Mathare North","Manhuss stores",36.866849,-1.253524,2958,5073,1839,295800,760950,551700,1608450,9870
478,"Rongai","Creamline Farmers Produce",36.7452,-1.396434,3743,4592,3248,374300,688800,974400,2037500,11583
479,"Parklands","Hikma Mart & Wholesale",36.827225,-1.258108,3207,28,2009,320700,4200,602700,927600,5244
480,"Lucky Summer","Daughters Bookshop",36.896458,-1.241237,450,1749,840,45000,262350,252000,559350,3039
481,"Riruta Satellite","Naivasha Classic Butchery",36.746174,-1.290849,6436,1180,77,643600,177000,23100,843700,7693
482,"Umoja Innercore and 1","HEZNIC ENTERPRISES LTD TENA",36.885835,-1.291074,734,145,5788,73400,21750,1736400,1831550,6667
483,"Kibera","Agape shop",36.801002,-1.315423,331,8993,6335,33100,1348950,1900500,3282550,15659
484,"Zimmerman","Wa Saimo Shop",36.898712,-1.205465,2419,3094,789,241900,464100,236700,942700,6302
485,"Kasarani","Mwapa Shop",36.903628,-1.215243,3406,5743,2242,340600,861450,672600,1874650,11391
486,"Kikuyu","Islands shop Kikuyu",36.663118,-1.248537,9256,3322,1417,925600,498300,425100,1849000,13995
487,"Ngara","Memos V Wholesale & Retail Shop",36.835274,-1.270732,6499,9069,8878,649900,1360350,2663400,4673650,24446
488,"Githurai 44","Stedo Supermarket",36.90046,-1.20114,7361,6115,794,736100,917250,238200,1891550,14270
489,"Ngong","Matasia Mpesa shop",36.683147,-1.392127,9353,178,6344,935300,26700,1903200,2865200,15875
490,"Kibera","Makina Dailies",36.782999,-1.3077,6820,9597,2730,682000,1439550,819000,2940550,19147
491,"Lucky Summer","Kibsy traders",36.890835,-1.242303,6685,2186,8758,668500,327900,2627400,3623800,17629
492,"Imara Daima","JOSPI CHEMIST",36.881643,-1.324636,6129,3567,5106,612900,535050,1531800,2679750,14802
493,"Rongai","Joyous shop",36.763134,-1.389002,9847,9453,6467,984700,1417950,1940100,4342750,25767
494,"Limuru","Equator Gen Shop",36.64149,-1.107307,8129,5563,4876,812900,834450,1462800,3110150,18568
495,"Ngummo","One Stop Jusaka Enterprises",36.799693,-1.310799,5779,8244,5085,577900,1236600,1525500,3340000,19108
496,"Buruburu","NJEGATU VENTURES",36.879976,-1.294034,2165,8817,6791,216500,1322550,2037300,3576350,17773
497,"Rongai","Jirani Super Stores",36.773496,-1.391191,6416,9287,5984,641600,1393050,1795200,3829850,21687
498,"Ruaraka/Baba Dogo","Ebenezer shop",36.88915,-1.244373,747,3705,392,74700,555750,117600,748050,4844
499,"Chokaa","Green Grocer And Shop",36.95296,-1.251974,4342,1551,704,434200,232650,211200,878050,6597
500,"Mowlem-Dandora","Isha hardware",36.895203,-1.26378,5905,3151,1080,590500,472650,324000,1387150,10136
501,"Ruai","Miwa Tatu Shop 1",37.06544,-1.281675,7854,9847,1373,785400,1477050,411900,2674350,19074
